"Data","Ultimo","Apertura","Massimo","Minimo","Vol.","Var. %"
"15.12.2016","15,86","15,63","15,88","15,33","-","-7,31%"
"14.12.2016","17,11","17,23","17,42","17,10","-","1,42%"
"13.12.2016","16,87","16,82","16,94","16,53","-","-0,35%"
"12.12.2016","16,93","16,98","17,09","16,64","-","1,87%"
"09.12.2016","16,62","16,71","16,96","16,32","-","2,85%"
"08.12.2016","16,16","17,33","17,77","16,16","-","-5,72%"
"07.12.2016","17,14","17,61","17,64","16,98","-","-2,78%"
"06.12.2016","17,63","18,77","18,77","17,60","-","-7,01%"
"05.12.2016","18,96","20,43","20,43","18,95","-","-16,18%"
"02.12.2016","22,62","23,17","23,92","22,37","-","0,09%"
"01.12.2016","22,60","21,93","22,72","21,41","-","5,41%"
"30.11.2016","21,44","21,66","21,88","20,88","-","-1,65%"
"29.11.2016","21,80","22,59","22,61","21,79","-","-3,24%"
"28.11.2016","22,53","21,77","22,83","21,60","-","10,39%"
"25.11.2016","20,41","20,04","20,88","20,00","-","1,90%"
"24.11.2016","20,03","19,93","20,40","19,76","-","-0,79%"
"23.11.2016","20,19","20,34","20,90","19,92","-","-0,30%"
"22.11.2016","20,25","20,28","20,31","19,94","-","-1,46%"
"21.11.2016","20,55","20,95","21,01","20,04","-","0,88%"
"18.11.2016","20,37","19,97","20,76","19,68","-","2,11%"
"17.11.2016","19,95","21,21","21,29","19,94","-","-5,50%"
"16.11.2016","21,11","20,35","22,04","20,02","-","2,28%"
"15.11.2016","20,64","21,72","22,04","20,62","-","-6,99%"
"14.11.2016","22,19","21,35","22,61","21,05","-","1,05%"
"11.11.2016","21,96","20,87","22,57","20,77","-","4,08%"
"10.11.2016","21,10","19,84","21,72","19,41","-","0,00%"
"09.11.2016","21,10","22,63","24,13","21,04","-","-15,36%"
"08.11.2016","24,93","24,09","25,76","23,78","-","1,26%"
"07.11.2016","24,62","24,17","24,91","23,04","-","-2,34%"
"04.11.2016","25,21","25,46","26,03","25,15","-","2,15%"
"03.11.2016","24,68","23,47","24,79","23,18","-","4,36%"
"02.11.2016","23,65","24,54","24,63","23,21","-","0,81%"
"01.11.2016","23,46","21,25","23,48","20,98","-","9,42%"
"31.10.2016","21,44","20,72","21,79","20,72","-","11,26%"
"28.10.2016","19,27","20,05","20,16","19,04","-","2,88%"
"27.10.2016","18,73","19,10","19,31","18,26","-","0,32%"
"26.10.2016","18,67","18,25","19,22","18,22","-","2,41%"
"25.10.2016","18,23","17,75","18,33","17,33","-","2,94%"
"24.10.2016","17,71","17,13","17,72","17,06","-","6,69%"
"21.10.2016","16,60","17,08","17,38","16,58","-","-3,60%"
"20.10.2016","17,22","18,13","18,23","17,13","-","-4,70%"
"19.10.2016","18,07","19,11","19,17","17,76","-","-5,24%"
"18.10.2016","19,07","19,85","19,87","19,04","-","-7,52%"
"17.10.2016","20,62","20,73","20,94","19,97","-","5,96%"
"14.10.2016","19,46","20,27","20,27","19,05","-","-7,02%"
"13.10.2016","20,93","21,54","21,75","20,83","-","3,97%"
"12.10.2016","20,13","19,77","20,34","19,51","-","1,26%"
"11.10.2016","19,88","19,46","19,88","18,67","-","3,22%"
"10.10.2016","19,26","20,69","21,00","19,23","-","-3,89%"
"07.10.2016","20,04","20,05","20,60","19,47","-","4,54%"
"06.10.2016","19,17","19,19","19,93","19,06","-","-1,39%"
"05.10.2016","19,44","20,28","20,39","19,15","-","1,20%"
"04.10.2016","19,21","19,91","19,97","19,02","-","-5,83%"
"03.10.2016","20,40","20,58","20,96","19,81","-","3,19%"
"30.09.2016","19,77","23,58","23,69","19,64","-","-0,95%"
"29.09.2016","19,96","18,72","20,20","18,38","-","1,37%"
"28.09.2016","19,69","19,50","20,03","19,12","-","-4,70%"
"27.09.2016","20,66","19,54","21,60","19,44","-","2,18%"
"26.09.2016","20,22","19,14","20,31","19,14","-","20,14%"
"23.09.2016","16,83","17,24","17,52","16,81","-","-2,55%"
"22.09.2016","17,27","18,25","18,35","17,05","-","-14,04%"
"21.09.2016","20,09","19,56","20,20","18,92","-","-2,95%"
"20.09.2016","20,70","20,36","20,74","19,89","-","1,87%"
"19.09.2016","20,32","20,96","21,08","20,22","-","-4,65%"
"16.09.2016","21,31","20,73","22,00","20,46","-","3,70%"
"15.09.2016","20,55","21,67","22,09","20,52","-","-7,47%"
"14.09.2016","22,21","22,58","23,12","21,89","-","-2,50%"
"13.09.2016","22,78","21,11","22,81","21,11","-","4,02%"
"12.09.2016","21,90","22,11","23,30","21,86","-","13,47%"
"09.09.2016","19,30","17,96","19,41","17,31","-","8,37%"
"08.09.2016","17,81","18,70","18,97","17,73","-","-4,09%"
"07.09.2016","18,57","19,03","19,44","18,51","-","-2,67%"
"06.09.2016","19,08","18,38","19,12","18,01","-","3,64%"
"05.09.2016","18,41","18,83","18,88","18,38","-","0,60%"
"02.09.2016","18,30","19,71","20,11","18,25","-","-8,77%"
"01.09.2016","20,06","19,33","20,49","19,07","-","3,30%"
"31.08.2016","19,42","19,59","19,80","19,01","-","0,26%"
"30.08.2016","19,37","20,02","20,05","19,32","-","-4,06%"
"29.08.2016","20,19","20,25","21,26","20,14","-","3,59%"
"26.08.2016","19,49","20,53","20,97","19,36","-","-4,51%"
"25.08.2016","20,41","20,66","21,19","20,23","-","2,92%"
"24.08.2016","19,83","20,83","20,85","19,71","-","-1,93%"
"23.08.2016","20,22","20,94","21,08","19,90","-","-6,65%"
"22.08.2016","21,66","21,93","22,18","20,80","-","2,51%"
"19.08.2016","21,13","20,76","21,61","20,55","-","3,99%"
"18.08.2016","20,32","20,78","20,95","20,05","-","-4,11%"
"17.08.2016","21,19","20,39","21,64","19,90","-","5,58%"
"16.08.2016","20,07","19,60","20,35","18,94","-","6,59%"
"15.08.2016","18,83","18,57","19,12","18,18","-","5,20%"
"12.08.2016","17,90","18,29","18,68","17,90","-","-2,51%"
"11.08.2016","18,36","19,05","19,47","18,36","-","-4,33%"
"10.08.2016","19,19","18,30","19,33","17,89","-","4,92%"
"09.08.2016","18,29","18,85","18,94","17,97","-","-3,43%"
"08.08.2016","18,94","19,48","19,49","18,75","-","-1,87%"
"05.08.2016","19,30","20,56","20,73","19,22","-","-9,86%"
"04.08.2016","21,41","22,17","22,37","21,28","-","-6,71%"
"03.08.2016","22,95","22,94","24,20","22,72","-","-0,74%"
"02.08.2016","23,12","21,10","23,43","21,09","-","13,72%"
"01.08.2016","20,33","20,18","21,16","19,80","-","0,40%"
"29.07.2016","20,25","20,96","21,00","20,11","-","-3,53%"
"28.07.2016","20,99","20,66","21,13","20,26","-","2,24%"
"27.07.2016","20,53","19,82","20,77","19,34","-","1,94%"
"26.07.2016","20,14","20,04","20,79","19,91","-","1,10%"
"25.07.2016","19,92","19,79","20,13","19,34","-","4,18%"
"22.07.2016","19,12","19,91","20,05","18,64","-","-1,70%"
"21.07.2016","19,45","20,81","21,30","19,36","-","-4,38%"
"20.07.2016","20,34","20,96","20,99","20,06","-","-3,19%"
"19.07.2016","21,01","21,28","22,32","20,95","-","0,82%"
"18.07.2016","20,84","21,10","22,00","20,69","-","-0,38%"
"15.07.2016","20,92","22,19","22,34","20,92","-","-4,08%"
"14.07.2016","21,81","22,07","22,70","21,33","-","-5,54%"
"13.07.2016","23,09","22,46","23,18","22,18","-","3,45%"
"12.07.2016","22,32","23,20","23,24","21,45","-","-5,30%"
"11.07.2016","23,57","24,78","24,96","23,23","-","-4,26%"
"08.07.2016","24,62","26,42","26,42","24,50","-","-7,27%"
"07.07.2016","26,55","26,76","27,20","26,05","-","-6,05%"
"06.07.2016","28,26","26,99","29,19","26,52","-","5,80%"
"05.07.2016","26,71","26,17","27,42","25,86","-","6,93%"
"04.07.2016","24,98","25,56","25,78","24,84","-","-0,16%"
"01.07.2016","25,02","25,86","26,91","24,64","-","-4,06%"
"30.06.2016","26,08","28,95","29,16","25,86","-","-8,65%"
"29.06.2016","28,55","28,95","29,24","27,44","-","-7,93%"
"28.06.2016","31,01","32,10","32,11","29,50","-","-11,40%"
"27.06.2016","35,00","35,12","36,06","33,61","-","-1,21%"
"24.06.2016","35,43","40,61","42,27","31,64","-","10,51%"
"23.06.2016","32,06","36,19","36,86","29,81","-","-11,04%"
"22.06.2016","36,04","34,61","37,14","34,61","-","4,55%"
"21.06.2016","34,47","34,41","34,82","33,10","-","0,73%"
"20.06.2016","34,22","34,83","35,39","33,18","-","-10,02%"
"17.06.2016","38,03","37,69","38,51","36,63","-","-4,69%"
"16.06.2016","39,90","38,61","42,26","38,25","-","5,86%"
"15.06.2016","37,69","36,74","38,33","36,43","-","-1,70%"
"14.06.2016","38,34","37,08","38,39","35,69","-","11,58%"
"13.06.2016","34,36","34,47","34,92","33,33","-","13,66%"
"10.06.2016","30,23","27,21","30,32","27,21","-","16,99%"
"09.06.2016","25,84","24,92","26,03","24,92","-","6,25%"
"08.06.2016","24,32","24,24","24,54","23,51","-","4,15%"
"07.06.2016","23,35","23,44","23,66","23,00","-","-2,91%"
"06.06.2016","24,05","24,53","24,69","23,92","-","2,12%"
"03.06.2016","23,55","22,91","24,51","22,21","-","1,90%"
"02.06.2016","23,11","23,74","24,04","23,03","-","-3,43%"
"01.06.2016","23,93","22,72","24,19","22,62","-","8,23%"
"31.05.2016","22,11","21,35","22,40","21,20","-","5,59%"
"30.05.2016","20,94","21,40","21,41","20,94","-","2,35%"
"27.05.2016","20,46","20,95","21,06","20,17","-","-1,73%"
"26.05.2016","20,82","20,99","21,13","20,41","-","-1,14%"
"25.05.2016","21,06","21,43","21,47","20,94","-","-3,35%"
"24.05.2016","21,79","23,95","23,99","21,69","-","-6,44%"
"23.05.2016","23,29","24,32","24,54","23,03","-","3,05%"
"20.05.2016","22,60","23,56","24,10","22,53","-","-7,30%"
"19.05.2016","24,38","23,97","24,49","23,33","-","4,64%"
"18.05.2016","23,30","25,11","25,22","23,24","-","-4,78%"
"17.05.2016","24,47","23,32","24,76","23,15","-","1,07%"
"16.05.2016","24,21","24,21","24,21","24,21","-","2,58%"
"13.05.2016","23,60","25,08","25,29","23,42","-","-3,48%"
"12.05.2016","24,45","24,48","25,04","23,22","-","2,47%"
"11.05.2016","23,86","23,90","24,61","23,75","-","-0,13%"
"10.05.2016","23,89","24,14","24,85","23,72","-","-4,29%"
"09.05.2016","24,96","25,69","25,90","24,26","-","-0,64%"
"06.05.2016","25,12","26,17","26,21","24,54","-","-3,12%"
"05.05.2016","25,93","26,09","26,17","25,26","-","-4,11%"
"04.05.2016","27,04","26,33","27,24","25,99","-","2,39%"
"03.05.2016","26,41","25,69","26,94","25,69","-","5,14%"
"02.05.2016","25,12","24,59","25,27","24,34","-","4,54%"
"29.04.2016","24,03","21,79","24,45","21,79","-","15,25%"
"28.04.2016","20,85","21,53","22,60","20,75","-","-2,02%"
"27.04.2016","21,28","21,25","21,78","21,00","-","0,00%"
"26.04.2016","21,28","21,45","21,71","20,95","-","-2,56%"
"25.04.2016","21,84","21,59","22,50","21,59","-","6,02%"
"22.04.2016","20,60","20,69","21,21","20,42","-","1,43%"
"21.04.2016","20,31","20,17","21,42","20,16","-","2,16%"
"20.04.2016","19,88","20,82","20,90","19,76","-","-2,36%"
"19.04.2016","20,36","20,84","20,90","20,04","-","-4,32%"
"18.04.2016","21,28","22,55","22,85","21,11","-","3,55%"
"15.04.2016","20,55","20,83","21,18","20,10","-","-0,39%"
"14.04.2016","20,63","21,14","21,70","20,47","-","-7,53%"
"13.04.2016","22,31","23,25","23,25","22,31","-","-7,35%"
"12.04.2016","24,08","24,81","25,77","23,99","-","-3,25%"
"11.04.2016","24,89","26,23","26,26","24,37","-","0,32%"
"08.04.2016","24,81","25,14","25,30","24,32","-","-5,16%"
"07.04.2016","26,16","24,62","26,30","24,06","-","3,93%"
"06.04.2016","25,17","26,34","26,48","25,10","-","-5,45%"
"05.04.2016","26,62","26,32","26,93","26,03","-","8,61%"
"04.04.2016","24,51","26,17","26,19","24,45","-","-2,39%"
"01.04.2016","25,11","25,22","26,25","24,50","-","7,08%"
"31.03.2016","23,45","23,21","23,86","23,19","-","3,58%"
"30.03.2016","22,64","23,61","23,68","22,45","-","-9,08%"
"29.03.2016","24,90","24,65","25,94","24,33","-","1,10%"
"24.03.2016","24,63","23,42","24,97","23,13","-","11,45%"
"23.03.2016","22,10","21,35","22,79","21,03","-","0,27%"
"22.03.2016","22,04","22,75","24,24","22,03","-","0,96%"
"21.03.2016","21,83","21,35","22,35","20,32","-","5,66%"
"18.03.2016","20,66","23,11","23,32","20,38","-","-9,19%"
"17.03.2016","22,75","21,85","24,87","21,53","-","-1,52%"
"16.03.2016","23,10","22,76","24,01","22,50","-","-0,60%"
"15.03.2016","23,24","23,51","23,78","22,78","-","1,22%"
"14.03.2016","22,96","23,67","23,78","22,85","-","-4,77%"
"11.03.2016","24,11","25,78","26,07","23,99","-","-14,44%"
"10.03.2016","28,18","28,43","28,92","24,05","-","0,43%"
"09.03.2016","28,06","27,42","28,65","27,12","-","0,75%"
"08.03.2016","27,85","27,59","28,72","26,95","-","6,26%"
"07.03.2016","26,21","25,46","26,69","25,19","-","6,94%"
"04.03.2016","24,51","26,11","26,15","24,21","-","-7,58%"
"03.03.2016","26,52","26,76","27,10","26,06","-","-2,21%"
"02.03.2016","27,12","27,89","28,14","27,12","-","-4,98%"
"01.03.2016","28,54","29,43","29,52","28,50","-","-4,00%"
"29.02.2016","29,73","30,92","31,68","29,44","-","1,54%"
"26.02.2016","29,28","29,62","29,80","28,66","-","-5,64%"
"25.02.2016","31,03","32,07","32,48","30,80","-","-6,31%"
"24.02.2016","33,12","31,00","33,55","30,79","-","8,45%"
"23.02.2016","30,54","30,62","30,80","29,73","-","1,97%"
"22.02.2016","29,95","30,28","30,44","29,84","-","-4,22%"
"19.02.2016","31,27","30,58","31,67","29,92","-","1,13%"
"18.02.2016","30,92","30,07","31,23","29,57","-","1,38%"
"17.02.2016","30,50","32,92","32,92","30,41","-","-9,01%"
"16.02.2016","33,52","33,61","34,07","32,72","-","-1,18%"
"15.02.2016","33,92","34,92","34,92","33,21","-","-4,93%"
"12.02.2016","35,68","37,07","37,52","35,66","-","-6,87%"
"11.02.2016","38,31","35,18","40,48","35,02","-","14,53%"
"10.02.2016","33,45","33,61","33,94","31,90","-","-1,53%"
"09.02.2016","33,97","33,38","36,45","33,20","-","1,74%"
"08.02.2016","33,39","30,91","33,98","30,18","-","11,11%"
"05.02.2016","30,05","29,09","30,35","28,63","-","1,38%"
"04.02.2016","29,64","30,02","31,27","28,87","-","-3,58%"
"03.02.2016","30,74","29,68","31,87","29,22","-","5,45%"
"02.02.2016","29,15","27,66","29,79","27,40","-","6,66%"
"01.02.2016","27,33","28,11","28,43","27,18","-","-0,22%"
"29.01.2016","27,39","28,56","28,98","27,12","-","-8,18%"
"28.01.2016","29,83","27,18","30,52","26,85","-","7,38%"
"27.01.2016","27,78","28,75","29,22","27,72","-","-1,21%"
"26.01.2016","28,12","30,14","30,72","27,72","-","-1,13%"
"25.01.2016","28,44","29,13","29,61","28,07","-","0,35%"
"22.01.2016","28,34","30,25","30,89","27,79","-","-10,85%"
"21.01.2016","31,79","33,85","34,74","31,40","-","-9,46%"
"20.01.2016","35,11","34,39","36,27","33,52","-","14,14%"
"19.01.2016","30,76","31,65","32,66","30,49","-","-10,40%"
"18.01.2016","34,33","33,58","36,37","32,56","-","-0,75%"
"15.01.2016","34,59","31,05","35,38","30,73","-","15,53%"
"14.01.2016","29,94","29,94","32,67","29,78","-","6,43%"
"13.01.2016","28,13","27,07","28,76","26,71","-","-1,44%"
"12.01.2016","28,54","29,95","30,02","27,80","-","-5,56%"
"11.01.2016","30,22","30,97","31,34","29,57","-","-0,59%"
"08.01.2016","30,40","29,57","30,40","27,62","-","2,05%"
"07.01.2016","29,79","28,30","31,00","28,30","-","13,23%"
"06.01.2016","26,31","26,28","28,16","26,22","-","0,38%"
"05.01.2016","26,21","26,10","27,77","25,83","-","-2,93%"
"04.01.2016","27,00","27,51","27,71","26,29","-","21,79%"
"30.12.2015","22,17","21,73","22,21","21,52","-","2,59%"
"29.12.2015","21,61","21,86","21,92","21,32","-","-3,74%"
"28.12.2015","22,45","21,74","22,87","21,74","-","10,86%"
"23.12.2015","20,25","21,12","21,12","20,23","-","-10,16%"
"22.12.2015","22,54","23,48","24,63","22,23","-","-5,61%"
"21.12.2015","23,88","24,52","24,56","22,52","-","-0,08%"
"18.12.2015","23,90","23,49","24,65","22,66","-","5,85%"
"17.12.2015","22,58","22,00","22,84","20,93","-","-11,24%"
"16.12.2015","25,44","27,49","27,61","25,14","-","-7,36%"
"15.12.2015","27,46","28,39","28,44","26,74","-","-9,70%"
"14.12.2015","30,41","26,93","30,81","26,17","-","14,41%"
"11.12.2015","26,58","24,87","27,60","24,48","-","8,36%"
"10.12.2015","24,53","24,98","25,28","24,25","-","0,99%"
"09.12.2015","24,29","23,38","24,76","23,07","-","3,05%"
"08.12.2015","23,57","22,14","24,33","21,81","-","6,94%"
"07.12.2015","22,04","22,51","22,54","21,08","-","-2,82%"
"04.12.2015","22,68","22,56","24,25","22,34","-","0,13%"
"03.12.2015","22,65","22,77","24,22","21,68","-","-0,74%"
"02.12.2015","22,82","23,52","23,69","22,52","-","-3,35%"
"01.12.2015","23,61","23,52","24,39","23,05","-","-0,17%"
"30.11.2015","23,65","23,91","24,26","23,45","-","2,51%"
"27.11.2015","23,07","23,50","23,50","22,83","-","0,79%"
"26.11.2015","22,89","23,33","23,52","22,79","-","-4,39%"
"25.11.2015","23,94","24,60","24,62","23,36","-","-3,51%"
"24.11.2015","24,81","23,86","25,61","23,69","-","7,96%"
"23.11.2015","22,98","23,22","23,78","22,83","-","1,46%"
"20.11.2015","22,65","23,56","23,91","22,31","-","-3,37%"
"19.11.2015","23,44","23,66","24,27","23,44","-","-5,29%"
"18.11.2015","24,75","24,45","25,80","24,29","-","4,78%"
"17.11.2015","23,62","24,39","24,59","23,48","-","-8,63%"
"16.11.2015","25,85","26,50","26,64","25,53","-","3,61%"
"13.11.2015","24,95","24,16","26,01","23,72","-","6,40%"
"12.11.2015","23,45","22,44","23,97","21,48","-","7,37%"
"11.11.2015","21,84","21,70","22,27","21,13","-","-2,46%"
"10.11.2015","22,39","21,90","22,98","21,43","-","1,87%"
"09.11.2015","21,98","21,19","22,01","20,48","-","7,53%"
"06.11.2015","20,44","21,36","21,60","20,40","-","-2,39%"
"05.11.2015","20,94","20,98","21,61","20,56","-","0,92%"
"04.11.2015","20,75","20,21","20,99","19,79","-","3,44%"
"03.11.2015","20,06","20,72","20,79","19,98","-","-3,42%"
"02.11.2015","20,77","21,19","21,23","20,52","-","2,01%"
"30.10.2015","20,36","20,51","21,04","20,16","-","-3,23%"
"29.10.2015","21,04","20,35","21,64","20,34","-","1,59%"
"28.10.2015","20,71","20,78","20,95","20,28","-","0,10%"
"27.10.2015","20,69","21,34","21,35","20,45","-","0,24%"
"26.10.2015","20,64","20,55","21,13","20,31","-","4,24%"
"23.10.2015","19,80","19,42","20,35","19,11","-","-0,85%"
"22.10.2015","19,97","22,20","22,23","19,80","-","-8,52%"
"21.10.2015","21,83","22,08","22,58","20,94","-","0,51%"
"20.10.2015","21,72","22,24","22,84","21,46","-","-3,25%"
"19.10.2015","22,45","22,65","23,43","22,16","-","-1,28%"
"16.10.2015","22,74","23,32","23,45","22,47","-","-5,72%"
"15.10.2015","24,12","24,30","24,49","23,49","-","-4,13%"
"14.10.2015","25,16","25,18","25,38","23,85","-","4,66%"
"13.10.2015","24,04","23,82","25,07","23,59","-","3,67%"
"12.10.2015","23,19","24,08","24,14","23,18","-","-0,98%"
"09.10.2015","23,42","23,96","24,22","23,36","-","-4,49%"
"08.10.2015","24,52","25,98","26,92","24,47","-","-7,09%"
"07.10.2015","26,39","25,82","26,52","24,68","-","0,50%"
"06.10.2015","26,26","28,43","29,06","26,06","-","-8,25%"
"05.10.2015","28,62","30,13","30,32","28,24","-","-7,50%"
"02.10.2015","30,94","30,45","32,50","29,36","-","-2,46%"
"01.10.2015","31,72","30,52","32,63","29,88","-","-1,03%"
"30.09.2015","32,05","31,87","32,08","30,65","-","-5,01%"
"29.09.2015","33,74","34,89","34,89","32,81","-","2,00%"
"28.09.2015","33,08","31,82","34,04","31,51","-","8,39%"
"25.09.2015","30,52","30,79","31,46","30,30","-","-8,79%"
"24.09.2015","33,46","30,54","34,46","30,25","-","7,73%"
"23.09.2015","31,06","32,18","32,48","29,72","-","-3,42%"
"22.09.2015","32,16","27,16","32,19","27,09","-","19,02%"
"21.09.2015","27,02","28,02","28,78","26,98","-","-4,86%"
"18.09.2015","28,40","26,75","30,34","26,25","-","4,95%"
"17.09.2015","27,06","28,00","28,91","27,03","-","-3,08%"
"16.09.2015","27,92","28,58","28,69","27,42","-","-6,78%"
"15.09.2015","29,95","31,20","32,09","29,60","-","-4,50%"
"14.09.2015","31,36","31,48","32,22","30,46","-","-0,92%"
"11.09.2015","31,65","31,55","32,62","31,17","-","-1,09%"
"10.09.2015","32,00","32,08","33,55","30,47","-","5,09%"
"09.09.2015","30,45","29,86","30,60","28,24","-","-5,52%"
"08.09.2015","32,23","33,32","33,36","31,21","-","-8,31%"
"07.09.2015","35,15","33,54","35,67","33,21","-","0,95%"
"04.09.2015","34,82","31,43","35,95","31,43","-","16,53%"
"03.09.2015","29,88","31,57","31,70","28,95","-","-11,34%"
"02.09.2015","33,70","32,68","34,81","32,11","-","-1,63%"
"01.09.2015","34,26","32,92","35,63","32,92","-","10,27%"
"31.08.2015","31,07","31,29","32,81","30,88","-","0,13%"
"28.08.2015","31,03","29,37","31,62","29,36","-","1,54%"
"27.08.2015","30,56","31,75","31,88","29,62","-","-13,40%"
"26.08.2015","35,29","36,96","37,11","33,56","-","4,87%"
"25.08.2015","33,65","36,19","36,21","32,43","-","-17,52%"
"24.08.2015","40,80","34,52","45,70","33,92","-","35,05%"
"21.08.2015","30,21","26,99","30,25","25,95","-","18,52%"
"20.08.2015","25,49","24,23","25,61","23,61","-","7,51%"
"19.08.2015","23,71","23,13","23,73","22,62","-","5,38%"
"18.08.2015","22,50","22,67","22,92","22,03","-","0,54%"
"17.08.2015","22,38","22,46","24,41","22,04","-","-2,01%"
"14.08.2015","22,84","22,80","23,46","21,77","-","-1,72%"
"13.08.2015","23,24","22,38","23,73","21,62","-","-5,03%"
"12.08.2015","24,47","22,75","25,39","22,34","-","19,95%"
"11.08.2015","20,40","18,60","20,40","18,55","-","11,41%"
"10.08.2015","18,31","18,89","19,53","18,24","-","-2,14%"
"07.08.2015","18,71","18,56","18,79","17,89","-","2,46%"
"06.08.2015","18,26","18,01","18,27","17,47","-","4,05%"
"05.08.2015","17,55","17,73","17,75","17,14","-","-3,84%"
"04.08.2015","18,25","18,88","19,14","18,22","-","-1,83%"
"03.08.2015","18,59","19,83","19,90","18,45","-","-3,63%"
"31.07.2015","19,29","19,90","20,06","19,26","-","-4,65%"
"30.07.2015","20,23","19,57","20,80","19,08","-","1,00%"
"29.07.2015","20,03","20,13","20,80","19,77","-","-3,75%"
"28.07.2015","20,81","21,21","21,85","20,25","-","-5,06%"
"27.07.2015","21,92","20,41","22,17","20,18","-","15,13%"
"24.07.2015","19,04","17,59","19,12","16,97","-","9,24%"
"23.07.2015","17,43","17,82","17,98","17,22","-","-4,02%"
"22.07.2015","18,16","18,51","18,52","17,52","-","1,40%"
"21.07.2015","17,91","17,94","18,48","17,03","-","-1,16%"
"20.07.2015","18,12","18,20","18,66","17,60","-","-4,48%"
"17.07.2015","18,97","18,96","19,49","17,65","-","-0,26%"
"16.07.2015","19,02","19,63","19,63","18,28","-","-9,86%"
"15.07.2015","21,10","21,89","22,46","21,03","-","-2,09%"
"14.07.2015","21,55","23,62","23,66","21,44","-","-7,31%"
"13.07.2015","23,25","25,83","25,86","23,15","-","-16,61%"
"10.07.2015","27,88","28,70","29,14","27,28","-","-9,39%"
"09.07.2015","30,77","31,48","31,60","30,21","-","-2,72%"
"08.07.2015","31,63","30,89","32,60","30,70","-","2,07%"
"07.07.2015","30,99","29,40","31,12","29,00","-","3,37%"
"06.07.2015","29,98","30,94","31,09","29,31","-","-7,13%"
"03.07.2015","32,28","32,12","33,86","31,99","-","1,93%"
"02.07.2015","31,67","30,20","31,75","29,65","-","4,56%"
"01.07.2015","30,29","31,68","31,69","29,23","-","-6,25%"
"30.06.2015","32,31","31,40","32,50","30,91","-","5,42%"
"29.06.2015","30,65","30,52","30,76","28,89","-","14,71%"
"26.06.2015","26,72","27,02","27,42","25,14","-","4,21%"
"25.06.2015","25,64","26,05","26,45","24,14","-","2,85%"
"24.06.2015","24,93","22,99","26,17","22,93","-","5,99%"
"23.06.2015","23,52","22,36","23,64","21,76","-","-0,08%"
"22.06.2015","23,54","26,81","27,66","23,50","-","-17,75%"
"19.06.2015","28,62","28,29","29,43","28,11","-","0,67%"
"18.06.2015","28,43","28,18","29,99","28,09","-","0,57%"
"17.06.2015","28,27","28,41","28,96","27,45","-","-1,64%"
"16.06.2015","28,74","28,73","29,57","28,38","-","3,20%"
"15.06.2015","27,85","27,75","28,21","26,42","-","10,25%"
"12.06.2015","25,26","23,74","26,75","23,73","-","6,90%"
"11.06.2015","23,63","23,42","24,04","22,49","-","-0,84%"
"10.06.2015","23,83","25,20","25,21","23,28","-","-4,64%"
"09.06.2015","24,99","25,58","26,85","24,74","-","-2,38%"
"08.06.2015","25,60","25,79","26,44","25,01","-","1,31%"
"05.06.2015","25,27","25,19","25,67","24,72","-","3,35%"
"04.06.2015","24,45","24,53","25,67","23,60","-","1,66%"
"03.06.2015","24,05","24,43","25,00","23,55","-","-1,88%"
"02.06.2015","24,51","24,36","25,52","24,20","-","-0,20%"
"01.06.2015","24,56","23,74","24,88","23,56","-","4,33%"
"29.05.2015","23,54","22,29","23,77","22,14","-","6,90%"
"28.05.2015","22,02","21,36","22,52","21,04","-","5,76%"
"27.05.2015","20,82","22,44","22,72","20,76","-","-7,47%"
"26.05.2015","22,50","20,91","23,01","20,90","-","14,62%"
"22.05.2015","19,63","19,38","19,73","19,05","-","0,51%"
"21.05.2015","19,53","19,63","20,47","19,47","-","-0,20%"
"20.05.2015","19,57","20,19","20,56","19,42","-","-2,39%"
"19.05.2015","20,05","19,75","20,61","19,51","-","-4,57%"
"18.05.2015","21,01","22,33","22,75","20,96","-","-2,32%"
"15.05.2015","21,51","21,58","22,24","20,55","-","-1,06%"
"14.05.2015","21,74","23,59","23,67","21,32","-","-5,68%"
"13.05.2015","23,05","22,75","23,08","21,86","-","-0,77%"
"12.05.2015","23,23","22,98","24,14","22,85","-","6,36%"
"11.05.2015","21,84","22,14","22,61","21,84","-","3,36%"
"08.05.2015","21,13","22,96","23,31","20,87","-","-11,03%"
"07.05.2015","23,75","25,58","25,99","23,62","-","-3,92%"
"06.05.2015","24,72","24,97","25,56","24,06","-","-1,98%"
"05.05.2015","25,22","23,82","25,39","22,73","-","7,64%"
"04.05.2015","23,43","24,92","25,33","23,38","-","-3,22%"
"30.04.2015","24,21","24,56","25,01","23,27","-","0,67%"
"29.04.2015","24,05","21,86","25,14","21,69","-","8,73%"
"28.04.2015","22,12","21,38","22,76","21,02","-","5,89%"
"27.04.2015","20,89","22,63","23,89","20,75","-","-4,70%"
"24.04.2015","21,92","22,19","23,14","21,43","-","-2,88%"
"23.04.2015","22,57","22,33","23,84","22,19","-","1,07%"
"22.04.2015","22,33","21,68","23,65","21,50","-","-0,31%"
"21.04.2015","22,40","21,26","22,88","21,17","-","0,45%"
"20.04.2015","22,30","23,35","23,91","22,01","-","-11,01%"
"17.04.2015","25,06","20,35","25,08","20,29","-","24,61%"
"16.04.2015","20,11","19,03","20,35","18,49","-","10,43%"
"15.04.2015","18,21","18,66","18,66","17,82","-","-3,45%"
"14.04.2015","18,86","18,38","19,45","18,10","-","5,60%"
"13.04.2015","17,86","18,20","18,48","17,57","-","2,00%"
"10.04.2015","17,51","18,06","18,44","17,42","-","-4,37%"
"09.04.2015","18,31","18,97","18,98","18,27","-","-5,76%"
"08.04.2015","19,43","19,99","20,12","19,40","-","-3,14%"
"07.04.2015","20,06","21,06","21,06","19,68","-","-3,19%"
"02.04.2015","20,72","21,20","21,20","20,46","-","-1,19%"
"01.04.2015","20,97","21,69","21,69","20,21","-","-0,62%"
"31.03.2015","21,10","19,68","21,53","19,52","-","6,78%"
"30.03.2015","19,76","19,95","19,96","19,32","-","-3,47%"
"27.03.2015","20,47","19,18","20,60","18,92","-","4,17%"
"26.03.2015","19,65","20,69","21,66","19,61","-","2,56%"
"25.03.2015","19,16","17,75","19,54","17,75","-","8,43%"
"24.03.2015","17,67","19,55","19,55","17,42","-","-10,89%"
"23.03.2015","19,83","19,13","20,28","18,90","-","13,44%"
"20.03.2015","17,48","18,84","18,92","17,39","-","-7,56%"
"19.03.2015","18,91","18,57","20,13","18,35","-","-3,96%"
"18.03.2015","19,69","20,59","20,71","19,39","-","-2,77%"
"17.03.2015","20,25","19,43","21,11","19,25","-","4,44%"
"16.03.2015","19,39","18,98","19,67","18,65","-","2,97%"
"13.03.2015","18,83","18,75","19,25","18,61","-","-0,74%"
"12.03.2015","18,97","19,65","19,97","18,92","-","-2,57%"
"11.03.2015","19,47","19,70","20,08","19,04","-","-4,89%"
"10.03.2015","20,47","18,91","21,05","18,89","-","8,83%"
"09.03.2015","18,81","19,88","19,96","18,75","-","2,17%"
"06.03.2015","18,41","18,03","18,63","17,33","-","1,27%"
"05.03.2015","18,18","18,36","18,95","17,79","-","-3,91%"
"04.03.2015","18,92","18,97","20,73","18,70","-","-3,37%"
"03.03.2015","19,58","17,72","19,98","17,29","-","10,00%"
"02.03.2015","17,80","17,59","18,44","17,21","-","0,28%"
"27.02.2015","17,75","17,26","18,26","17,22","-","2,31%"
"26.02.2015","17,35","17,81","17,83","17,20","-","-2,64%"
"25.02.2015","17,82","18,41","18,41","17,77","-","-3,15%"
"24.02.2015","18,40","19,82","20,28","18,28","-","-10,77%"
"23.02.2015","20,62","21,76","22,25","20,29","-","-14,79%"
"20.02.2015","24,20","23,69","26,50","23,38","-","4,27%"
"19.02.2015","23,21","23,35","24,89","22,89","-","-0,56%"
"18.02.2015","23,34","23,70","23,86","22,91","-","-6,27%"
"17.02.2015","24,90","25,47","26,90","24,38","-","-1,39%"
"16.02.2015","25,25","25,53","25,82","24,55","-","4,43%"
"13.02.2015","24,18","23,44","24,41","22,24","-","-0,74%"
"12.02.2015","24,36","25,30","25,36","22,85","-","-5,29%"
"11.02.2015","25,72","25,15","26,51","25,15","-","2,43%"
"10.02.2015","25,11","25,16","25,85","23,55","-","-1,02%"
"09.02.2015","25,37","24,57","26,32","24,54","-","16,22%"
"06.02.2015","21,83","22,59","22,61","20,89","-","-1,93%"
"05.02.2015","22,26","23,43","23,69","22,25","-","-0,04%"
"04.02.2015","22,27","22,88","23,35","22,21","-","-2,15%"
"03.02.2015","22,76","23,43","23,53","22,59","-","-6,41%"
"02.02.2015","24,32","25,12","25,79","24,31","-","-1,66%"
"30.01.2015","24,73","22,34","24,92","22,26","-","6,05%"
"29.01.2015","23,32","22,44","23,77","21,99","-","6,83%"
"28.01.2015","21,83","22,21","23,23","21,42","-","-2,67%"
"27.01.2015","22,43","21,69","23,12","21,16","-","5,11%"
"26.01.2015","21,34","22,97","23,22","21,09","-","-7,66%"
"23.01.2015","23,11","22,06","24,13","21,73","-","0,74%"
"22.01.2015","22,94","25,47","26,44","22,71","-","-11,84%"
"21.01.2015","26,02","27,13","28,21","25,90","-","-3,88%"
"20.01.2015","27,07","27,55","27,60","25,82","-","-4,41%"
"19.01.2015","28,32","29,97","30,14","27,75","-","-3,44%"
"16.01.2015","29,33","29,11","31,27","28,87","-","1,03%"
"15.01.2015","29,03","29,16","32,23","28,80","-","-1,53%"
"14.01.2015","29,48","29,74","30,22","28,41","-","3,29%"
"13.01.2015","28,54","29,60","30,09","28,40","-","-3,97%"
"12.01.2015","29,72","28,36","31,91","28,33","-","3,27%"
"09.01.2015","28,78","26,36","29,13","25,67","-","11,08%"
"08.01.2015","25,91","27,02","27,14","25,55","-","-8,02%"
"07.01.2015","28,17","28,52","28,98","27,57","-","-2,29%"
"06.01.2015","28,83","29,57","30,25","27,13","-","-2,67%"
"05.01.2015","29,62","27,97","29,63","26,86","-","12,84%"
"02.01.2015","26,25","26,00","27,13","25,07","-","0,23%"
"30.12.2014","26,19","25,91","26,25","25,07","-","5,01%"
"29.12.2014","24,94","25,14","26,72","24,94","-","12,95%"
"23.12.2014","22,08","22,59","22,72","21,85","-","-3,87%"
"22.12.2014","22,97","23,10","23,47","22,21","-","-2,75%"
"19.12.2014","23,62","21,53","25,15","20,84","-","4,61%"
"18.12.2014","22,58","24,05","24,40","22,17","-","-17,08%"
"17.12.2014","27,23","27,00","29,80","26,17","-","6,12%"
"16.12.2014","25,66","28,44","32,40","25,47","-","-13,11%"
"15.12.2014","29,53","25,73","29,60","24,48","-","11,43%"
"12.12.2014","26,50","21,98","26,55","21,62","-","27,34%"
"11.12.2014","20,81","21,33","23,37","20,61","-","-4,23%"
"10.12.2014","21,73","20,54","22,43","19,77","-","1,35%"
"09.12.2014","21,44","17,79","21,71","17,76","-","28,92%"
"08.12.2014","16,63","16,88","17,14","16,55","-","1,84%"
"05.12.2014","16,33","17,28","17,29","15,98","-","-9,83%"
"04.12.2014","18,11","18,73","18,81","17,21","-","-3,62%"
"03.12.2014","18,79","18,88","19,20","18,62","-","-1,73%"
"02.12.2014","19,12","18,86","19,47","18,72","-","-1,14%"
"01.12.2014","19,34","19,08","20,02","19,04","-","7,27%"
"28.11.2014","18,03","18,47","18,89","17,94","-","-0,72%"
"27.11.2014","18,16","18,13","18,38","17,49","-","-0,66%"
"26.11.2014","18,28","18,91","19,16","18,24","-","-4,54%"
"25.11.2014","19,15","19,49","19,49","18,32","-","-0,88%"
"24.11.2014","19,32","19,55","19,92","19,15","-","2,17%"
"21.11.2014","18,91","19,29","19,36","18,44","-","-5,02%"
"20.11.2014","19,91","19,69","21,13","19,60","-","1,69%"
"19.11.2014","19,58","19,07","19,69","18,59","-","3,22%"
"18.11.2014","18,97","19,23","19,49","18,72","-","-2,32%"
"17.11.2014","19,42","20,56","21,53","19,25","-","-0,72%"
"14.11.2014","19,56","20,00","21,19","19,56","-","-2,40%"
"13.11.2014","20,04","19,93","21,60","19,17","-","-2,77%"
"12.11.2014","20,61","18,46","20,69","18,46","-","12,87%"
"11.11.2014","18,26","18,72","18,91","18,16","-","-4,80%"
"10.11.2014","19,18","21,09","21,09","19,18","-","-9,19%"
"07.11.2014","21,12","20,64","21,62","19,90","-","1,93%"
"06.11.2014","20,72","22,11","22,65","20,21","-","-5,60%"
"05.11.2014","21,95","21,99","22,49","21,52","-","-4,11%"
"04.11.2014","22,89","21,35","22,95","20,64","-","7,16%"
"03.11.2014","21,36","20,95","21,44","20,71","-","5,12%"
"31.10.2014","20,32","19,82","20,77","19,42","-","-2,68%"
"30.10.2014","20,88","19,46","23,13","19,31","-","0,68%"
"29.10.2014","20,74","19,69","20,98","19,56","-","1,62%"
"28.10.2014","20,41","21,99","22,00","20,27","-","-11,34%"
"27.10.2014","23,02","21,03","24,35","20,71","-","7,97%"
"24.10.2014","21,32","21,49","22,21","20,97","-","2,11%"
"23.10.2014","20,88","22,98","23,37","20,37","-","-3,78%"
"22.10.2014","21,70","21,93","22,80","21,61","-","-2,43%"
"21.10.2014","22,24","25,52","25,52","22,21","-","-11,71%"
"20.10.2014","25,19","25,40","26,76","24,78","-","-0,63%"
"17.10.2014","25,35","29,43","29,75","24,27","-","-19,57%"
"16.10.2014","31,52","27,59","36,00","27,47","-","9,60%"
"15.10.2014","28,76","23,84","28,91","23,21","-","23,01%"
"14.10.2014","23,38","23,89","25,85","23,38","-","-0,51%"
"13.10.2014","23,50","24,36","24,45","22,94","-","1,64%"
"10.10.2014","23,12","21,10","23,17","21,01","-","12,67%"
"09.10.2014","20,52","19,57","20,98","19,33","-","-1,82%"
"08.10.2014","20,90","21,16","21,32","20,47","-","-0,52%"
"07.10.2014","21,01","20,35","21,06","19,95","-","6,33%"
"06.10.2014","19,76","19,56","19,81","18,77","-","0,30%"
"03.10.2014","19,70","19,51","20,72","19,42","-","-6,55%"
"02.10.2014","21,08","19,44","21,16","18,74","-","10,89%"
"01.10.2014","19,01","18,31","19,45","17,72","-","6,50%"
"30.09.2014","17,85","18,55","18,76","17,61","-","-5,05%"
"29.09.2014","18,80","18,33","19,88","18,03","-","6,82%"
"26.09.2014","17,60","17,82","18,14","16,98","-","0,17%"
"25.09.2014","17,57","15,48","18,04","15,29","-","10,16%"
"24.09.2014","15,95","17,41","17,83","15,91","-","-10,24%"
"23.09.2014","17,77","16,42","17,82","16,34","-","12,26%"
"22.09.2014","15,83","15,98","16,00","15,31","-","5,11%"
"19.09.2014","15,06","15,13","15,25","14,44","-","-9,44%"
"18.09.2014","16,63","16,02","16,78","15,62","-","1,22%"
"17.09.2014","16,43","16,40","16,68","15,93","-","-3,92%"
"16.09.2014","17,10","17,14","17,82","17,07","-","2,27%"
"15.09.2014","16,72","16,61","16,92","16,35","-","5,09%"
"12.09.2014","15,91","16,39","16,49","15,64","-","-4,21%"
"11.09.2014","16,61","16,24","17,27","16,16","-","1,16%"
"10.09.2014","16,42","16,00","16,68","16,00","-","3,40%"
"09.09.2014","15,88","15,91","16,13","15,54","-","0,19%"
"08.09.2014","15,85","16,14","16,39","15,66","-","2,46%"
"05.09.2014","15,47","16,28","16,66","15,38","-","-4,27%"
"04.09.2014","16,16","17,08","17,38","15,59","-","-3,87%"
"03.09.2014","16,81","17,39","17,40","16,62","-","-5,77%"
"02.09.2014","17,84","17,34","17,97","16,95","-","0,62%"
"01.09.2014","17,73","17,59","18,39","17,59","-","3,14%"
"29.08.2014","17,19","16,87","18,44","16,45","-","-0,52%"
"28.08.2014","17,28","16,25","17,87","16,25","-","7,26%"
"27.08.2014","16,11","15,91","16,29","15,49","-","1,32%"
"26.08.2014","15,90","16,52","16,85","15,83","-","-3,34%"
"25.08.2014","16,45","16,77","17,05","16,43","-","-4,53%"
"22.08.2014","17,23","16,06","17,88","15,90","-","7,49%"
"21.08.2014","16,03","16,76","16,81","15,63","-","-4,18%"
"20.08.2014","16,73","16,58","17,73","16,26","-","2,58%"
"19.08.2014","16,31","16,69","16,83","16,25","-","-4,23%"
"18.08.2014","17,03","17,74","18,26","16,99","-","-16,36%"
"15.08.2014","20,36","17,10","20,42","16,01","-","17,69%"
"14.08.2014","17,30","18,87","18,97","17,14","-","-5,10%"
"13.08.2014","18,23","18,84","18,95","18,21","-","-6,80%"
"12.08.2014","19,56","19,44","19,96","18,88","-","0,67%"
"11.08.2014","19,43","20,73","20,83","19,33","-","-8,52%"
"08.08.2014","21,24","21,71","22,15","20,37","-","2,12%"
"07.08.2014","20,80","19,46","20,81","18,82","-","8,62%"
"06.08.2014","19,15","19,28","20,31","18,66","-","3,85%"
"05.08.2014","18,44","18,45","19,08","17,95","-","-3,40%"
"04.08.2014","19,09","19,78","20,21","18,78","-","-3,63%"
"01.08.2014","19,81","19,54","20,63","18,77","-","3,61%"
"31.07.2014","19,12","17,20","19,66","17,20","-","9,38%"
"30.07.2014","17,48","16,82","18,05","16,18","-","4,30%"
"29.07.2014","16,76","16,73","17,38","16,20","-","-1,82%"
"28.07.2014","17,07","16,94","18,01","16,64","-","2,03%"
"25.07.2014","16,73","15,16","16,88","14,87","-","12,66%"
"24.07.2014","14,85","16,34","16,42","14,76","-","-4,75%"
"23.07.2014","15,59","15,77","15,81","15,00","-","-0,51%"
"22.07.2014","15,67","16,92","17,05","15,59","-","-11,57%"
"21.07.2014","17,72","17,03","18,09","17,03","-","7,20%"
"18.07.2014","16,53","18,19","18,70","16,45","-","-6,35%"
"17.07.2014","17,65","15,67","17,69","15,01","-","19,18%"
"16.07.2014","14,81","15,42","15,46","14,50","-","-6,68%"
"15.07.2014","15,87","15,07","16,29","14,98","-","5,87%"
"14.07.2014","14,99","16,21","16,28","14,85","-","-8,26%"
"11.07.2014","16,34","16,25","16,88","15,75","-","-1,92%"
"10.07.2014","16,66","15,31","17,96","15,23","-","10,40%"
"09.07.2014","15,09","15,41","15,85","15,03","-","-5,03%"
"08.07.2014","15,89","14,24","15,89","14,14","-","10,89%"
"07.07.2014","14,33","13,77","14,43","13,62","-","9,39%"
"04.07.2014","13,10","13,11","13,17","12,76","-","1,63%"
"03.07.2014","12,89","14,09","14,09","12,78","-","-7,66%"
"02.07.2014","13,96","14,28","14,52","13,90","-","-2,99%"
"01.07.2014","14,39","15,19","15,20","14,31","-","-5,76%"
"30.06.2014","15,27","15,30","15,99","15,13","-","-0,20%"
"27.06.2014","15,30","14,65","15,44","14,26","-","3,38%"
"26.06.2014","14,80","14,13","15,61","13,84","-","3,50%"
"25.06.2014","14,30","13,94","14,97","13,46","-","8,91%"
"24.06.2014","13,13","13,31","13,86","13,13","-","-3,31%"
"23.06.2014","13,58","13,99","14,40","13,19","-","6,26%"
"20.06.2014","12,78","12,86","12,91","12,32","-","0,55%"
"19.06.2014","12,71","12,85","12,99","12,30","-","-8,43%"
"18.06.2014","13,88","14,08","14,16","13,09","-","-3,21%"
"17.06.2014","14,34","14,92","15,33","14,25","-","-6,70%"
"16.06.2014","15,37","14,98","15,52","14,87","-","8,62%"
"13.06.2014","14,15","14,21","15,22","13,83","-","2,17%"
"12.06.2014","13,85","13,62","14,12","13,08","-","0,87%"
"11.06.2014","13,73","13,01","13,91","12,98","-","5,29%"
"10.06.2014","13,04","13,37","13,45","13,01","-","-0,76%"
"09.06.2014","13,14","13,63","13,84","13,14","-","-2,38%"
"06.06.2014","13,46","14,55","14,61","13,35","-","-7,93%"
"05.06.2014","14,62","16,63","16,85","14,51","-","-11,45%"
"04.06.2014","16,51","16,80","17,23","16,48","-","-0,06%"
"03.06.2014","16,52","16,37","17,04","16,29","-","1,60%"
"02.06.2014","16,26","16,34","16,63","16,20","-","3,04%"
"30.05.2014","15,78","15,77","15,93","15,52","-","1,68%"
"29.05.2014","15,52","14,96","15,58","14,94","-","3,33%"
"28.05.2014","15,02","15,31","15,47","15,02","-","-0,86%"
"27.05.2014","15,15","15,33","15,49","14,99","-","-0,66%"
"26.05.2014","15,25","15,64","15,65","15,21","-","-2,24%"
"23.05.2014","15,60","15,35","15,61","15,09","-","2,23%"
"22.05.2014","15,26","15,11","15,70","15,06","-","-0,20%"
"21.05.2014","15,29","16,60","16,70","15,02","-","-2,74%"
"20.05.2014","15,72","15,66","16,28","15,57","-","-1,32%"
"19.05.2014","15,93","15,97","17,52","15,72","-","0,89%"
"16.05.2014","15,79","16,91","17,25","15,72","-","-9,51%"
"15.05.2014","17,45","15,46","17,59","15,28","-","9,89%"
"14.05.2014","15,88","15,92","16,48","15,86","-","-0,75%"
"13.05.2014","16,00","16,17","16,30","15,84","-","-1,54%"
"12.05.2014","16,25","16,98","17,07","16,15","-","-2,52%"
"09.05.2014","16,67","17,00","17,12","16,55","-","-0,36%"
"08.05.2014","16,73","17,36","17,80","16,49","-","-4,73%"
"07.05.2014","17,56","19,04","19,09","17,50","-","-5,13%"
"06.05.2014","18,51","17,74","19,03","17,60","-","2,49%"
"05.05.2014","18,06","18,06","19,59","17,85","-","0,89%"
"02.05.2014","17,90","17,21","17,98","16,54","-","4,86%"
"30.04.2014","17,07","17,45","17,64","16,99","-","-1,56%"
"29.04.2014","17,34","17,77","18,17","17,11","-","-6,02%"
"28.04.2014","18,45","18,57","19,13","18,16","-","-1,70%"
"25.04.2014","18,77","17,34","19,70","17,34","-","10,41%"
"24.04.2014","17,00","16,67","18,33","16,32","-","-0,58%"
"23.04.2014","17,10","16,92","17,18","16,50","-","1,73%"
"22.04.2014","16,81","17,86","17,87","16,50","-","-1,06%"
"17.04.2014","16,99","17,33","17,80","16,63","-","-1,91%"
"16.04.2014","17,32","18,65","18,89","17,32","-","-11,81%"
"15.04.2014","19,64","18,39","19,70","17,96","-","6,16%"
"14.04.2014","18,50","19,28","20,43","18,39","-","1,09%"
"11.04.2014","18,30","18,01","19,11","17,65","-","6,09%"
"10.04.2014","17,25","16,69","17,44","16,21","-","1,89%"
"09.04.2014","16,93","17,47","17,47","16,80","-","-3,81%"
"08.04.2014","17,60","17,16","18,51","17,13","-","0,34%"
"07.04.2014","17,54","17,16","17,64","16,81","-","10,45%"
"04.04.2014","15,88","16,44","16,45","15,50","-","-2,99%"
"03.04.2014","16,37","17,13","17,21","15,80","-","-4,32%"
"02.04.2014","17,11","16,77","17,23","16,48","-","1,18%"
"01.04.2014","16,91","17,50","17,59","16,75","-","-4,25%"
"31.03.2014","17,66","17,27","17,89","17,14","-","3,70%"
"28.03.2014","17,03","17,37","17,38","16,74","-","-3,46%"
"27.03.2014","17,64","17,83","18,12","17,29","-","0,28%"
"26.03.2014","17,59","17,88","17,97","17,07","-","-3,67%"
"25.03.2014","18,26","18,52","18,74","17,85","-","-5,97%"
"24.03.2014","19,42","18,16","19,63","17,94","-","12,97%"
"21.03.2014","17,19","17,66","18,18","17,06","-","-5,18%"
"20.03.2014","18,13","19,33","20,29","18,13","-","-6,01%"
"19.03.2014","19,29","20,18","20,28","19,07","-","-4,08%"
"18.03.2014","20,11","21,47","24,33","19,38","-","-6,29%"
"17.03.2014","21,46","22,57","22,57","21,22","-","-7,54%"
"14.03.2014","23,21","23,02","24,35","22,25","-","5,07%"
"13.03.2014","22,09","19,96","22,25","19,80","-","9,30%"
"12.03.2014","20,21","20,40","21,68","19,83","-","2,23%"
"11.03.2014","19,77","19,49","20,11","18,91","-","-1,74%"
"10.03.2014","20,12","20,60","21,50","19,36","-","-1,71%"
"07.03.2014","20,47","17,91","20,75","17,80","-","14,87%"
"06.03.2014","17,82","18,17","18,49","17,70","-","-4,71%"
"05.03.2014","18,70","18,58","18,89","18,00","-","0,27%"
"04.03.2014","18,65","19,26","19,73","18,10","-","-14,68%"
"03.03.2014","21,86","19,63","22,00","19,13","-","30,35%"
"28.02.2014","16,77","16,92","18,71","16,56","-","-2,04%"
"27.02.2014","17,12","16,33","18,13","16,33","-","6,07%"
"26.02.2014","16,14","16,36","16,92","15,99","-","-0,62%"
"25.02.2014","16,24","16,72","16,89","16,23","-","-2,87%"
"24.02.2014","16,72","18,03","18,14","16,54","-","-3,80%"
"21.02.2014","17,38","17,39","17,92","16,98","-","-2,19%"
"20.02.2014","17,77","18,80","18,85","17,65","-","1,83%"
"19.02.2014","17,45","17,19","18,29","16,88","-","2,05%"
"18.02.2014","17,10","17,48","18,16","17,02","-","-0,58%"
"17.02.2014","17,20","16,68","17,45","16,68","-","5,01%"
"14.02.2014","16,38","17,42","17,48","16,34","-","-6,40%"
"13.02.2014","17,50","18,19","18,75","17,49","-","-2,40%"
"12.02.2014","17,93","17,38","17,95","17,01","-","1,47%"
"11.02.2014","17,67","18,70","18,79","17,67","-","-8,49%"
"10.02.2014","19,31","19,45","19,97","19,08","-","0,42%"
"07.02.2014","19,23","20,67","21,40","19,22","-","-7,55%"
"06.02.2014","20,80","22,37","22,43","20,46","-","-8,17%"
"05.02.2014","22,65","23,30","23,30","21,99","-","-1,56%"
"04.02.2014","23,01","24,03","24,36","22,39","-","-4,20%"
"03.02.2014","24,02","22,54","24,08","22,33","-","10,08%"
"31.01.2014","21,82","21,16","24,60","21,12","-","3,31%"
"30.01.2014","21,12","21,36","23,09","20,65","-","-3,16%"
"29.01.2014","21,81","18,74","23,97","18,46","-","9,21%"
"28.01.2014","19,97","20,09","20,92","19,66","-","-3,43%"
"27.01.2014","20,68","21,60","21,89","20,22","-","-1,19%"
"24.01.2014","20,93","17,42","20,99","17,28","-","19,53%"
"23.01.2014","17,51","16,49","18,19","16,22","-","6,44%"
"22.01.2014","16,45","15,64","17,14","15,63","-","1,73%"
"21.01.2014","16,17","15,61","16,24","15,30","-","0,50%"
"20.01.2014","16,09","16,72","16,72","15,66","-","2,22%"
"17.01.2014","15,74","16,72","16,75","15,74","-","-7,74%"
"16.01.2014","17,06","16,26","17,18","16,18","-","3,33%"
"15.01.2014","16,51","16,46","16,72","16,24","-","-1,78%"
"14.01.2014","16,81","18,02","18,07","16,75","-","-1,70%"
"13.01.2014","17,10","16,93","17,35","16,59","-","3,26%"
"10.01.2014","16,56","16,86","17,12","16,42","-","-4,61%"
"09.01.2014","17,36","17,38","17,82","16,56","-","-0,06%"
"08.01.2014","17,37","17,33","17,76","17,16","-","1,05%"
"07.01.2014","17,19","18,16","18,19","16,93","-","-5,39%"
"06.01.2014","18,17","18,12","18,29","17,90","-","0,94%"
"03.01.2014","18,00","18,66","18,76","17,71","-","-4,91%"
"02.01.2014","18,93","17,80","19,07","17,69","-","9,74%"
"30.12.2013","17,25","16,99","17,62","16,95","-","4,80%"
"27.12.2013","16,46","16,04","16,61","16,02","-","4,11%"
"23.12.2013","15,81","16,25","16,34","15,59","-","-1,25%"
"20.12.2013","16,01","15,20","16,15","14,74","-","3,96%"
"19.12.2013","15,40","15,36","15,97","15,21","-","-10,47%"
"18.12.2013","17,20","17,81","17,89","16,71","-","-5,39%"
"17.12.2013","18,18","18,77","19,04","17,77","-","-1,68%"
"16.12.2013","18,49","18,77","18,77","17,76","-","1,59%"
"13.12.2013","18,20","17,95","18,66","17,33","-","0,78%"
"12.12.2013","18,06","17,64","18,41","17,28","-","4,03%"
"11.12.2013","17,36","16,80","17,40","16,33","-","3,70%"
"10.12.2013","16,74","16,20","17,14","15,80","-","3,27%"
"09.12.2013","16,21","16,77","16,91","16,20","-","-1,76%"
"06.12.2013","16,50","17,97","18,25","16,47","-","-10,23%"
"05.12.2013","18,38","18,21","18,38","17,36","-","2,80%"
"04.12.2013","17,88","16,78","18,56","16,70","-","4,56%"
"03.12.2013","17,10","15,68","17,13","15,50","-","10,75%"
"02.12.2013","15,44","15,27","16,04","15,26","-","5,39%"
"29.11.2013","14,65","13,87","14,66","13,86","-","6,01%"
"28.11.2013","13,82","14,17","14,21","13,79","-","-2,12%"
"27.11.2013","14,12","14,39","14,39","14,02","-","-2,69%"
"26.11.2013","14,51","14,33","14,61","14,17","-","-0,14%"
"25.11.2013","14,53","14,53","14,56","14,21","-","1,89%"
"22.11.2013","14,26","14,75","14,87","14,22","-","-5,44%"
"21.11.2013","15,08","16,12","16,14","15,08","-","-2,84%"
"20.11.2013","15,52","15,56","15,63","15,05","-","-0,89%"
"19.11.2013","15,66","15,79","16,02","15,49","-","1,69%"
"18.11.2013","15,40","15,86","15,90","14,95","-","1,58%"
"15.11.2013","15,16","15,75","15,75","15,02","-","-4,71%"
"14.11.2013","15,91","16,25","16,55","15,83","-","-7,12%"
"13.11.2013","17,13","17,22","18,09","17,06","-","-0,81%"
"12.11.2013","17,27","17,14","17,52","16,99","-","0,17%"
"11.11.2013","17,24","17,70","17,83","16,83","-","-0,29%"
"08.11.2013","17,29","17,23","18,19","17,02","-","3,59%"
"07.11.2013","16,69","16,89","17,04","15,54","-","-0,83%"
"06.11.2013","16,83","16,44","17,03","16,17","-","0,48%"
"05.11.2013","16,75","16,12","17,08","16,07","-","3,08%"
"04.11.2013","16,25","16,52","16,70","16,06","-","0,31%"
"01.11.2013","16,20","15,97","16,28","15,49","-","1,95%"
"31.10.2013","15,89","15,38","15,95","15,32","-","-1,61%"
"30.10.2013","16,15","15,30","16,49","15,14","-","6,32%"
"29.10.2013","15,19","15,85","15,85","15,09","-","-4,41%"
"28.10.2013","15,89","15,65","16,45","15,57","-","5,79%"
"25.10.2013","15,02","15,65","15,86","15,01","-","-3,47%"
"24.10.2013","15,56","15,87","16,17","15,53","-","-6,38%"
"23.10.2013","16,62","16,25","16,95","16,16","-","6,47%"
"22.10.2013","15,61","16,15","16,19","15,14","-","-2,44%"
"21.10.2013","16,00","16,18","16,59","15,93","-","3,76%"
"18.10.2013","15,42","16,54","16,56","15,37","-","-8,38%"
"17.10.2013","16,83","17,62","18,06","16,79","-","-9,52%"
"16.10.2013","18,60","19,65","19,92","18,48","-","-0,11%"
"15.10.2013","18,62","19,12","19,14","18,19","-","-7,64%"
"14.10.2013","20,16","19,67","20,54","19,39","-","10,41%"
"11.10.2013","18,26","19,31","19,39","18,26","-","-7,96%"
"10.10.2013","19,84","20,52","20,76","19,59","-","-15,07%"
"09.10.2013","23,36","21,61","23,49","20,68","-","11,82%"
"08.10.2013","20,89","20,23","20,93","20,00","-","3,62%"
"07.10.2013","20,16","21,45","21,64","19,84","-","3,17%"
"04.10.2013","19,54","19,91","19,98","19,00","-","-2,59%"
"03.10.2013","20,06","19,22","20,06","18,98","-","4,15%"
"02.10.2013","19,26","18,73","20,19","18,54","-","5,13%"
"01.10.2013","18,32","18,91","19,09","18,08","-","-5,81%"
"30.09.2013","19,45","19,11","19,53","18,39","-","14,95%"
"27.09.2013","16,92","16,28","17,06","16,28","-","2,73%"
"26.09.2013","16,47","16,31","16,97","16,30","-","0,43%"
"25.09.2013","16,40","16,77","17,07","16,30","-","-1,32%"
"24.09.2013","16,62","17,10","17,47","16,59","-","-4,76%"
"23.09.2013","17,45","17,03","17,68","16,44","-","4,12%"
"20.09.2013","16,76","16,99","17,05","16,04","-","-0,65%"
"19.09.2013","16,87","17,32","17,44","16,85","-","-7,15%"
"18.09.2013","18,17","19,11","19,43","18,16","-","-4,32%"
"17.09.2013","18,99","19,10","19,37","18,69","-","1,44%"
"16.09.2013","18,72","18,75","18,90","18,31","-","1,85%"
"13.09.2013","18,38","18,65","19,14","18,27","-","-0,16%"
"12.09.2013","18,41","18,25","18,65","18,01","-","-0,11%"
"11.09.2013","18,43","19,28","19,35","18,43","-","-4,56%"
"10.09.2013","19,31","19,58","19,65","19,01","-","-5,67%"
"09.09.2013","20,47","21,12","21,28","20,45","-","1,19%"
"06.09.2013","20,23","21,17","21,63","19,59","-","-5,95%"
"05.09.2013","21,51","22,05","22,80","21,40","-","-2,63%"
"04.09.2013","22,09","23,23","24,04","21,85","-","-4,16%"
"03.09.2013","23,05","21,94","23,27","21,62","-","5,25%"
"02.09.2013","21,90","22,07","22,12","21,28","-","-6,73%"
"30.08.2013","23,48","21,56","23,50","21,45","-","11,02%"
"29.08.2013","21,15","21,87","22,08","20,72","-","-5,20%"
"28.08.2013","22,31","22,67","24,27","21,50","-","0,63%"
"27.08.2013","22,17","18,32","22,39","18,27","-","23,85%"
"26.08.2013","17,90","18,85","19,17","17,85","-","0,45%"
"23.08.2013","17,82","18,89","19,32","17,45","-","-4,76%"
"22.08.2013","18,71","19,42","19,54","18,17","-","-8,91%"
"21.08.2013","20,54","18,86","20,56","18,82","-","6,98%"
"20.08.2013","19,20","19,16","20,15","18,68","-","9,78%"
"19.08.2013","17,49","17,17","17,97","17,13","-","6,58%"
"16.08.2013","16,41","17,16","17,85","16,04","-","-5,09%"
"15.08.2013","17,29","16,20","18,47","16,08","-","3,91%"
"14.08.2013","16,64","16,94","16,97","16,32","-","-2,58%"
"13.08.2013","17,08","16,97","17,50","16,77","-","-1,61%"
"12.08.2013","17,36","17,52","18,39","17,15","-","1,11%"
"09.08.2013","17,17","17,18","17,58","16,87","-","-1,04%"
"08.08.2013","17,35","17,78","18,04","16,97","-","-5,04%"
"07.08.2013","18,27","18,15","18,51","17,53","-","1,95%"
"06.08.2013","17,92","17,18","18,31","16,69","-","3,40%"
"05.08.2013","17,33","17,30","17,69","16,98","-","3,03%"
"02.08.2013","16,82","17,43","17,46","16,82","-","-27,84%"
"01.08.2013","23,31","17,98","18,14","17,34","-","22,30%"
"31.07.2013","19,06","19,15","19,43","18,56","-","1,17%"
"30.07.2013","18,84","18,20","18,86","18,05","-","0,75%"
"29.07.2013","18,70","18,47","18,77","18,21","-","3,26%"
"26.07.2013","18,11","17,00","18,29","16,93","-","3,60%"
"25.07.2013","17,48","17,11","18,18","17,11","-","2,28%"
"24.07.2013","17,09","17,17","17,62","16,83","-","-1,44%"
"23.07.2013","17,34","16,86","17,37","16,79","-","-0,74%"
"22.07.2013","17,47","17,87","17,88","17,04","-","1,39%"
"19.07.2013","17,23","17,93","17,96","16,85","-","-2,60%"
"18.07.2013","17,69","18,32","18,40","17,64","-","-4,33%"
"17.07.2013","18,49","19,11","20,16","18,46","-","-3,90%"
"16.07.2013","19,24","18,85","19,39","18,85","-","1,80%"
"15.07.2013","18,90","19,10","19,43","18,89","-","-0,89%"
"12.07.2013","19,07","18,75","19,32","18,43","-","0,47%"
"11.07.2013","18,98","19,53","19,62","18,98","-","-6,82%"
"10.07.2013","20,37","20,67","21,36","20,36","-","-1,31%"
"09.07.2013","20,64","21,07","21,17","20,59","-","-4,36%"
"08.07.2013","21,58","22,45","22,45","21,23","-","-4,47%"
"05.07.2013","22,59","21,34","22,68","20,96","-","5,86%"
"04.07.2013","21,34","22,09","22,12","20,75","-","-5,78%"
"03.07.2013","22,65","23,06","24,30","22,65","-","4,91%"
"02.07.2013","21,59","21,97","22,22","21,57","-","-1,10%"
"01.07.2013","21,83","21,97","22,88","21,44","-","0,05%"
"28.06.2013","21,82","21,39","22,59","21,37","-","0,60%"
"27.06.2013","21,69","22,52","22,67","21,17","-","-3,81%"
"26.06.2013","22,55","23,84","23,86","22,31","-","-6,59%"
"25.06.2013","24,14","24,73","24,78","23,78","-","-4,58%"
"24.06.2013","25,30","24,57","26,80","24,56","-","5,20%"
"21.06.2013","24,05","23,02","24,26","22,32","-","1,86%"
"20.06.2013","23,61","21,27","23,88","20,75","-","15,68%"
"19.06.2013","20,41","21,13","21,57","20,00","-","-2,06%"
"18.06.2013","20,84","21,62","21,68","20,76","-","-1,23%"
"17.06.2013","21,10","21,34","21,48","20,40","-","-0,75%"
"14.06.2013","21,26","21,82","21,88","20,63","-","-3,84%"
"13.06.2013","22,11","23,67","23,82","21,84","-","1,70%"
"12.06.2013","21,74","21,10","21,78","20,50","-","3,47%"
"11.06.2013","21,01","20,24","21,93","20,16","-","7,25%"
"10.06.2013","19,59","20,44","20,44","19,19","-","-1,80%"
"07.06.2013","19,95","22,39","22,39","19,80","-","-10,14%"
"06.06.2013","22,20","21,87","22,20","20,89","-","-0,31%"
"05.06.2013","22,27","21,33","22,28","20,79","-","6,05%"
"04.06.2013","21,00","20,50","21,31","20,48","-","-1,78%"
"03.06.2013","21,38","21,55","21,80","19,95","-","9,08%"
"31.05.2013","19,60","18,71","19,77","18,71","-","3,92%"
"30.05.2013","18,86","19,76","19,77","18,57","-","-4,17%"
"29.05.2013","19,68","18,54","19,76","18,47","-","10,87%"
"28.05.2013","17,75","17,57","17,77","17,21","-","-2,20%"
"27.05.2013","18,15","18,50","18,68","18,10","-","-1,84%"
"24.05.2013","18,49","17,89","19,26","17,59","-","0,71%"
"23.05.2013","18,36","19,39","19,75","18,23","-","12,71%"
"22.05.2013","16,29","16,78","16,95","16,17","-","-3,67%"
"21.05.2013","16,91","16,85","17,38","16,77","-","1,44%"
"20.05.2013","16,67","16,86","17,38","16,56","-","2,21%"
"17.05.2013","16,31","16,59","16,80","16,10","-","0,31%"
"16.05.2013","16,26","15,76","16,69","15,76","-","-2,28%"
"15.05.2013","16,64","17,21","17,71","16,62","-","-2,92%"
"14.05.2013","17,14","17,67","17,95","16,92","-","-3,00%"
"13.05.2013","17,67","17,84","18,11","17,66","-","1,38%"
"10.05.2013","17,43","17,15","17,70","17,06","-","1,22%"
"09.05.2013","17,22","17,47","17,61","17,03","-","-0,81%"
"08.05.2013","17,36","17,42","17,82","17,07","-","-0,52%"
"07.05.2013","17,45","17,87","17,87","17,16","-","-3,38%"
"06.05.2013","18,06","18,23","18,24","17,91","-","2,44%"
"03.05.2013","17,63","18,68","18,70","17,41","-","-5,97%"
"02.05.2013","18,75","20,38","20,41","18,66","-","-7,45%"
"30.04.2013","20,26","19,87","20,47","19,84","-","1,40%"
"29.04.2013","19,98","19,69","20,12","19,57","-","1,37%"
"26.04.2013","19,71","19,69","20,19","19,40","-","1,55%"
"25.04.2013","19,41","19,02","19,93","19,00","-","2,27%"
"24.04.2013","18,98","18,98","19,56","18,86","-","-1,20%"
"23.04.2013","19,21","20,10","20,50","19,17","-","-6,93%"
"22.04.2013","20,64","20,20","21,11","20,09","-","0,68%"
"19.04.2013","20,50","21,60","21,70","20,42","-","-6,61%"
"18.04.2013","21,95","22,30","23,03","20,95","-","-3,52%"
"17.04.2013","22,75","20,27","23,49","20,15","-","10,92%"
"16.04.2013","20,51","20,57","21,84","20,17","-","1,53%"
"15.04.2013","20,20","20,31","21,41","20,16","-","-0,05%"
"12.04.2013","20,21","19,11","20,45","19,09","-","7,21%"
"11.04.2013","18,85","18,94","19,49","18,66","-","-1,72%"
"10.04.2013","19,18","19,76","19,76","18,74","-","-6,07%"
"09.04.2013","20,42","20,82","20,98","19,93","-","-4,98%"
"08.04.2013","21,49","22,18","22,19","21,30","-","-3,59%"
"05.04.2013","22,29","20,95","23,42","20,53","-","5,64%"
"04.04.2013","21,10","20,60","21,51","20,19","-","1,64%"
"03.04.2013","20,76","19,79","20,90","19,20","-","5,81%"
"02.04.2013","19,62","21,50","21,50","19,52","-","-6,08%"
"28.03.2013","20,89","21,39","22,13","20,15","-","-4,44%"
"27.03.2013","21,86","20,64","22,72","20,29","-","4,69%"
"26.03.2013","20,88","21,44","21,75","20,10","-","-1,69%"
"25.03.2013","21,24","18,42","22,59","17,30","-","-0,23%"
"22.03.2013","21,29","20,58","21,65","20,56","-","7,58%"
"21.03.2013","19,79","19,14","20,27","18,95","-","4,88%"
"20.03.2013","18,87","19,87","20,61","18,83","-","-12,35%"
"19.03.2013","21,53","18,72","22,03","18,49","-","18,95%"
"18.03.2013","18,10","19,32","20,95","17,93","-","15,07%"
"15.03.2013","15,73","15,44","16,36","15,42","-","4,31%"
"14.03.2013","15,08","15,70","15,76","14,88","-","-10,93%"
"13.03.2013","16,93","17,58","18,20","16,92","-","-2,25%"
"12.03.2013","17,32","17,78","17,78","16,66","-","-1,70%"
"11.03.2013","17,62","18,13","18,52","17,60","-","1,38%"
"08.03.2013","17,38","18,00","18,04","17,02","-","-7,26%"
"07.03.2013","18,74","19,58","19,78","18,68","-","-6,81%"
"06.03.2013","20,11","19,29","20,12","18,97","-","2,86%"
"05.03.2013","19,55","20,41","20,46","19,47","-","-8,82%"
"04.03.2013","21,44","23,25","23,41","21,34","-","-1,52%"
"01.03.2013","21,77","21,19","23,85","20,78","-","3,67%"
"28.02.2013","21,00","20,88","22,16","20,82","-","-4,55%"
"27.02.2013","22,00","24,33","24,58","21,96","-","-15,06%"
"26.02.2013","25,90","24,47","25,90","23,23","-","21,54%"
"25.02.2013","21,31","20,76","21,78","18,86","-","2,16%"
"22.02.2013","20,86","20,54","21,31","20,22","-","-3,02%"
"21.02.2013","21,51","20,80","22,20","20,80","-","9,69%"
"20.02.2013","19,61","18,68","19,75","18,29","-","6,23%"
"19.02.2013","18,46","19,16","19,28","18,46","-","-4,45%"
"18.02.2013","19,32","19,97","20,05","19,29","-","2,49%"
"15.02.2013","18,85","18,77","19,07","17,72","-","1,07%"
"14.02.2013","18,65","18,23","19,46","17,83","-","2,02%"
"13.02.2013","18,28","18,14","19,31","18,07","-","-0,49%"
"12.02.2013","18,37","18,98","19,15","18,22","-","-2,96%"
"11.02.2013","18,93","19,23","19,37","18,36","-","1,99%"
"08.02.2013","18,56","19,90","20,10","18,28","-","-10,77%"
"07.02.2013","20,80","20,17","20,84","19,16","-","2,92%"
"06.02.2013","20,21","19,42","21,62","18,63","-","4,93%"
"05.02.2013","19,26","19,36","19,76","18,77","-","-4,42%"
"04.02.2013","20,15","16,78","20,39","16,36","-","26,02%"
"01.02.2013","15,99","16,83","16,93","15,77","-","-3,91%"
"31.01.2013","16,64","16,05","16,99","16,04","-","4,39%"
"30.01.2013","15,94","14,85","16,11","14,52","-","7,27%"
"29.01.2013","14,86","15,32","15,70","14,79","-","-2,24%"
"28.01.2013","15,20","15,32","15,34","15,02","-","1,95%"
"25.01.2013","14,91","15,35","15,40","14,61","-","-2,61%"
"24.01.2013","15,31","16,67","16,77","15,31","-","-5,61%"
"23.01.2013","16,22","16,01","16,39","15,98","-","1,00%"
"22.01.2013","16,06","15,40","16,86","15,33","-","3,88%"
"21.01.2013","15,46","15,93","15,93","15,17","-","-2,64%"
"18.01.2013","15,88","15,93","16,26","15,64","-","-0,19%"
"17.01.2013","15,91","16,37","16,39","15,42","-","-1,49%"
"16.01.2013","16,15","15,98","17,01","15,83","-","1,13%"
"15.01.2013","15,97","16,20","16,33","15,34","-","1,72%"
"14.01.2013","15,70","15,98","16,20","15,00","-","0,83%"
"11.01.2013","15,57","15,98","16,11","15,56","-","-3,41%"
"10.01.2013","16,12","16,22","16,58","15,57","-","-0,19%"
"09.01.2013","16,15","16,25","16,56","15,84","-","-4,44%"
"08.01.2013","16,90","16,90","16,97","16,33","-","0,48%"
"07.01.2013","16,82","16,52","17,03","16,43","-","4,67%"
"04.01.2013","16,07","17,82","17,87","16,05","-","-8,38%"
"03.01.2013","17,54","18,01","18,28","17,51","-","-4,47%"
"02.01.2013","18,36","18,37","19,09","17,49","-","-14,00%"
"28.12.2012","21,35","17,84","21,35","17,79","-","17,11%"